pod_id,item_id,qty,order_id,processed_time,task_type
42,42,8,-73,76,1
26,24,2,-7,77,1
50,36,4,-100,86,1
51,48,5,-7,95,1
72,6,5,-28,108,1
72,6,5,-94,108,1
123,25,7,-7,112,1
18,422,2,-91,116,1
149,53,8,-28,127,1
74,266,5,-95,128,1
142,0,10,-49,134,1
58,46,11,-94,148,1
33,5,9,-37,158,1
30,23,6,-28,167,1
8,246,12,-67,169,1
8,177,4,-13,169,1
37,48,10,-100,190,1
40,19,3,-27,202,1
128,463,7,-99,206,1
128,124,6,-77,206,1
6,1,8,-59,207,1
6,19,10,-7,207,1
158,229,2,-91,212,1
12,3,3,-70,214,1
148,315,5,-85,225,1
23,31,12,-27,244,1
215,469,10,-83,247,1
77,137,6,-71,254,1
170,54,6,-76,269,1
54,0,3,-13,290,1
54,0,6,-59,290,1
54,0,7,-67,290,1
54,0,8,-12,290,1
54,0,10,-7,290,1
54,0,2,-49,290,1
54,72,4,-13,290,1
293,52,4,-57,314,1
293,52,7,-12,314,1
349,78,11,-76,316,1
161,6,5,-80,326,1
161,6,5,-37,326,1
413,162,8,-13,333,1
327,370,10,-83,342,1
82,40,6,-45,348,1
2,6,1,-94,352,1
2,6,7,-100,352,1
2,6,2,-80,352,1
27,35,8,-62,364,1
29,6,2,-37,378,1
29,6,7,-27,378,1
29,6,1,-73,378,1
44,46,2,25,400,1
26,6,10,-70,404,1
76,83,6,-100,423,1
214,230,6,25,436,1
106,6,9,-73,449,1
106,6,1,-70,449,1
172,26,6,21,455,1
187,305,6,9,479,1
9,0,4,29,486,1
192,50,6,-28,487,1
192,50,10,-94,487,1
250,6,1,-70,495,1
193,21,4,1,496,1
7,3,7,-66,498,1
63,13,8,-75,517,1
146,284,8,-100,517,1
51,12,7,22,519,1
308,85,4,-37,531,1
3,15,8,21,541,1
25,353,7,-15,554,1
36,30,4,29,565,1
317,263,10,-2,587,1
28,29,4,18,598,1
92,277,6,18,612,1
156,186,6,-86,617,1
42,18,3,-11,631,1
115,47,9,-22,633,1
94,9,4,-52,648,1
0,27,7,-23,649,1
22,13,6,-46,655,1
22,26,10,-46,655,1
200,6,7,15,667,1
114,14,6,-51,673,1
31,48,7,62,693,1
32,44,10,15,693,1
275,0,7,36,713,1
207,69,10,2,719,1
55,29,9,52,729,1
19,8,1,38,730,1
19,8,4,36,730,1
110,277,4,-18,742,1
66,17,6,17,748,1
69,41,4,67,753,1
8,168,9,61,772,1
76,11,2,-65,777,1
49,28,4,-35,786,1
342,70,12,-87,811,1
125,34,11,-54,812,1
124,45,4,-48,822,1
9,0,4,10,838,1
330,17,11,-44,839,1
123,135,6,-32,857,1
56,1,6,10,859,1
34,32,8,-19,868,1
121,8,6,60,877,1
17,1,7,87,884,1
18,34,4,53,896,1
63,114,11,-96,910,1
225,77,6,-96,928,1
161,5,6,-20,939,1
257,99,6,50,946,1
37,10,4,81,950,1
120,15,4,91,960,1
23,0,8,3,961,1
297,385,2,65,962,1
3,15,4,91,974,1
118,257,8,28,983,1
409,70,5,-92,990,1
32,438,10,101,1003,1
6,15,5,6,1006,1
62,47,3,102,1014,1
102,451,5,84,1023,1
290,5,1,-72,1024,1
99,33,5,-5,1065,1
1,14,5,85,1068,1
112,11,6,59,1071,1
54,7,5,108,1078,1
110,72,3,125,1086,1
68,268,1,-47,1099,1
128,10,11,94,1116,1
195,97,6,-14,1124,1
88,2,7,-30,1128,1
4,36,4,104,1134,1
183,6,4,4,1135,1
59,44,2,57,1141,1
53,97,1,74,1145,1
25,24,5,119,1151,1
237,203,1,73,1153,1
19,22,6,-58,1169,1
18,28,6,103,1200,1
51,86,7,7,1200,1
52,2,10,106,1223,1
144,184,4,106,1236,1
38,9,4,75,1251,1
35,1,10,-90,1258,1
292,422,11,132,1265,1
166,22,6,128,1269,1
155,5,6,149,1276,1
56,44,2,127,1286,1
337,84,7,117,1289,1
130,97,3,13,1301,1
98,5,4,-98,1308,1
16,222,2,114,1316,1
145,15,6,13,1319,1
47,21,8,63,1341,1
105,42,10,-98,1347,1
268,309,6,130,1352,1
411,98,5,-10,1377,1
5,48,5,145,1380,1
42,2,6,145,1399,1
223,24,6,76,1400,1
202,116,6,-56,1408,1
73,487,2,76,1412,1
70,8,8,168,1427,1
138,43,11,46,1451,1
65,32,5,148,1469,1
1,5,12,121,1471,1
103,3,9,46,1472,1
28,48,1,121,1479,1
265,465,8,-43,1492,1
403,5,6,162,1497,1
179,395,5,-25,1508,1
82,40,7,190,1513,1
61,21,8,155,1518,1
19,10,8,169,1530,1
217,193,3,165,1531,1
49,40,6,167,1548,1
24,30,10,171,1556,1
153,48,8,184,1578,1
113,3,7,182,1579,1
87,30,10,123,1582,1
352,78,6,155,1597,1
115,29,10,123,1608,1
121,8,6,123,1626,1
93,120,8,97,1630,1
52,38,5,-39,1636,1
225,51,5,142,1645,1
50,16,12,-26,1656,1
261,145,10,19,1671,1
45,146,5,183,1673,1
196,232,7,138,1676,1
151,204,4,71,1682,1
56,1,12,-26,1706,1
8,7,10,218,1714,1
84,43,5,205,1722,1
22,103,2,95,1722,1
60,445,8,164,1740,1
300,72,7,186,1743,1
47,342,9,82,1746,1
72,13,8,135,1758,1
208,19,6,82,1764,1
34,10,6,226,1786,1
122,30,10,135,1790,1
70,8,2,181,1797,1
123,25,10,181,1823,1
36,18,10,226,1827,1
198,311,9,26,1851,1
383,261,10,217,1853,1
3,20,5,192,1858,1
231,148,6,26,1866,1
6,1,8,217,1875,1
304,488,2,206,1885,1
11,4,6,215,1898,1
18,225,7,-16,1907,1
1,7,10,158,1911,1
76,242,7,139,1917,1
17,1,5,-16,1923,1
348,62,6,66,1929,1
301,423,4,158,1943,1
4,36,7,243,1950,1
19,1,5,212,1958,1
136,0,10,224,1974,1
15,12,6,116,1984,1
182,228,1,195,1989,1
44,31,4,-16,2000,1
46,36,6,229,2021,1
39,33,5,249,2031,1
219,89,8,166,2045,1
13,11,5,116,2050,1
66,17,4,208,2064,1
247,238,9,245,2067,1
83,49,10,254,2072,1
2,20,4,176,2081,1
16,34,8,116,2086,1
91,12,7,256,2106,1
34,10,6,58,2106,1
174,61,10,58,2129,1
51,20,12,27,2136,1
24,30,6,58,2143,1
341,299,6,58,2158,1
8,1,2,208,2160,1
8,1,7,256,2160,1
73,38,6,150,2172,1
75,188,7,193,2173,1
49,208,6,258,2195,1
64,38,9,280,2197,1
40,33,4,196,2209,1
6,1,11,180,2230,1
331,83,8,150,2230,1
127,187,1,152,2234,1
122,30,4,290,2243,1
18,28,5,261,2259,1
74,36,6,-97,2273,1
28,39,4,253,2289,1
1,7,5,250,2297,1
242,209,5,180,2299,1
292,241,3,27,2309,1
85,247,6,152,2312,1
20,298,7,188,2319,1
35,1,3,196,2321,1
172,91,9,268,2343,1
26,14,2,282,2352,1
318,405,6,147,2367,1
0,38,10,282,2375,1
405,425,4,308,2388,1
19,1,11,250,2395,1
12,45,2,30,2405,1
9,0,7,257,2411,1
57,27,8,30,2427,1
37,33,10,-97,2440,1
68,23,8,177,2449,1
80,401,4,152,2450,1
170,54,6,257,2465,1
117,176,6,-24,2465,1
340,14,5,30,2466,1
13,165,7,234,2485,1
97,8,7,291,2485,1
289,153,4,235,2491,1
375,219,6,234,2503,1
17,149,11,320,2513,1
360,170,6,-4,2513,1
59,39,6,252,2531,1
213,244,4,240,2535,1
38,9,4,248,2541,1
186,219,6,336,2560,1
4,9,5,281,2579,1
135,41,10,278,2598,1
34,32,10,248,2603,1
114,14,5,342,2615,1
155,22,8,301,2620,1
75,188,5,179,2623,1
40,3,2,322,2630,1
61,21,4,219,2633,1
1,14,4,332,2648,1
35,105,12,266,2653,1
