item_id,current_global_qty,max_global_qty,global_inv_level
0,900,900,1.0
1,1944,1944,1.0
2,552,552,1.0
3,7488,7488,1.0
4,156,156,1.0
5,4416,4416,1.0
6,200,200,1.0
7,6912,6912,1.0
8,960,960,1.0
9,4140,4140,1.0
10,6510,6510,1.0
11,8712,8712,1.0
12,232,232,1.0
13,1728,1728,1.0
14,348,348,1.0
15,360,360,1.0
16,312,312,1.0
17,2916,2916,1.0
18,810,810,1.0
19,300,300,1.0
20,5616,5616,1.0
21,8208,8208,1.0
22,1656,1656,1.0
23,4620,4620,1.0
24,440,440,1.0
25,660,660,1.0
26,4680,4680,1.0
27,8736,8736,1.0
28,240,240,1.0
29,10440,10440,1.0
30,432,432,1.0
31,1728,1728,1.0
32,2496,2496,1.0
33,5280,5280,1.0
34,6720,6720,1.0
35,5184,5184,1.0
36,336,336,1.0
37,9216,9216,1.0
38,7296,7296,1.0
39,7920,7920,1.0
40,744,744,1.0
41,1520,1520,1.0
42,630,630,1.0
43,4080,4080,1.0
44,2400,2400,1.0
45,1440,1440,1.0
46,570,570,1.0
47,870,870,1.0
48,9360,9360,1.0
49,7200,7200,1.0
50,108,108,1.0
51,1008,1008,1.0
52,48,48,1.0
53,60,60,1.0
54,1680,1680,1.0
55,360,360,1.0
56,576,576,1.0
57,90,90,1.0
58,2904,2904,1.0
59,216,216,1.0
60,216,216,1.0
61,432,432,1.0
62,240,240,1.0
63,560,560,1.0
64,120,120,1.0
65,72,72,1.0
66,432,432,1.0
67,60,60,1.0
68,1280,1280,1.0
69,240,240,1.0
70,216,216,1.0
71,96,96,1.0
72,480,480,1.0
73,720,720,1.0
74,2304,2304,1.0
75,36,36,1.0
76,36,36,1.0
77,792,792,1.0
78,1440,1440,1.0
79,72,72,1.0
80,32,32,1.0
81,48,48,1.0
82,504,504,1.0
83,2304,2304,1.0
84,96,96,1.0
85,120,120,1.0
86,320,320,1.0
87,96,96,1.0
88,720,720,1.0
89,360,360,1.0
90,48,48,1.0
91,72,72,1.0
92,30,30,1.0
93,90,90,1.0
94,144,144,1.0
95,720,720,1.0
96,768,768,1.0
97,50,50,1.0
98,300,300,1.0
99,96,96,1.0
100,180,180,1.0
101,1536,1536,1.0
102,72,72,1.0
103,1176,1176,1.0
104,1080,1080,1.0
105,60,60,1.0
106,72,72,1.0
107,108,108,1.0
108,840,840,1.0
109,792,792,1.0
110,280,280,1.0
111,135,135,1.0
112,1296,1296,1.0
113,44,44,1.0
114,720,720,1.0
115,768,768,1.0
116,120,120,1.0
117,336,336,1.0
118,360,360,1.0
119,296,296,1.0
120,960,960,1.0
121,12,12,1.0
122,144,144,1.0
123,20,20,1.0
124,72,72,1.0
125,240,240,1.0
126,1440,1440,1.0
127,960,960,1.0
128,32,32,1.0
129,336,336,1.0
130,48,48,1.0
131,108,108,1.0
132,1848,1848,1.0
133,84,84,1.0
134,48,48,1.0
135,288,288,1.0
136,240,240,1.0
137,150,150,1.0
138,180,180,1.0
139,168,168,1.0
140,60,60,1.0
141,90,90,1.0
142,2688,2688,1.0
143,192,192,1.0
144,1440,1440,1.0
145,144,144,1.0
146,96,96,1.0
147,1536,1536,1.0
148,1800,1800,1.0
149,1440,1440,1.0
150,96,96,1.0
151,480,480,1.0
152,84,84,1.0
153,84,84,1.0
154,1440,1440,1.0
155,270,270,1.0
156,405,405,1.0
157,48,48,1.0
158,192,192,1.0
159,1008,1008,1.0
160,40,40,1.0
161,210,210,1.0
162,144,144,1.0
163,576,576,1.0
164,768,768,1.0
165,280,280,1.0
166,216,216,1.0
167,1680,1680,1.0
168,2016,2016,1.0
169,160,160,1.0
170,300,300,1.0
171,144,144,1.0
172,120,120,1.0
173,192,192,1.0
174,180,180,1.0
175,144,144,1.0
176,72,72,1.0
177,160,160,1.0
178,480,480,1.0
179,96,96,1.0
180,1080,1080,1.0
181,72,72,1.0
182,96,96,1.0
183,864,864,1.0
184,1152,1152,1.0
185,480,480,1.0
186,490,490,1.0
187,24,24,1.0
188,60,60,1.0
189,144,144,1.0
190,24,24,1.0
191,1056,1056,1.0
192,360,360,1.0
193,1600,1600,1.0
194,1440,1440,1.0
195,210,210,1.0
196,81,81,1.0
197,2160,2160,1.0
198,1728,1728,1.0
199,40,40,1.0
200,1680,1680,1.0
201,600,600,1.0
202,936,936,1.0
203,360,360,1.0
204,150,150,1.0
205,180,180,1.0
206,840,840,1.0
207,360,360,1.0
208,288,288,1.0
209,840,840,1.0
210,1056,1056,1.0
211,2688,2688,1.0
212,2112,2112,1.0
213,80,80,1.0
214,1848,1848,1.0
215,2376,2376,1.0
216,120,120,1.0
217,504,504,1.0
218,144,144,1.0
219,264,264,1.0
220,260,260,1.0
221,180,180,1.0
222,3648,3648,1.0
223,216,216,1.0
224,5184,5184,1.0
225,280,280,1.0
226,366,366,1.0
227,216,216,1.0
228,2280,2280,1.0
229,384,384,1.0
230,300,300,1.0
231,96,96,1.0
232,216,216,1.0
233,560,560,1.0
234,60,60,1.0
235,60,60,1.0
236,1260,1260,1.0
237,192,192,1.0
238,264,264,1.0
239,168,168,1.0
240,2808,2808,1.0
241,30,30,1.0
242,180,180,1.0
243,360,360,1.0
244,720,720,1.0
245,4560,4560,1.0
246,216,216,1.0
247,210,210,1.0
248,960,960,1.0
249,108,108,1.0
250,192,192,1.0
251,2040,2040,1.0
252,216,216,1.0
253,480,480,1.0
254,324,324,1.0
255,192,192,1.0
256,96,96,1.0
257,45,45,1.0
258,144,144,1.0
259,1944,1944,1.0
260,20,20,1.0
261,1152,1152,1.0
262,105,105,1.0
263,252,252,1.0
264,768,768,1.0
265,330,330,1.0
266,400,400,1.0
267,4752,4752,1.0
268,216,216,1.0
269,216,216,1.0
270,880,880,1.0
271,1728,1728,1.0
272,1680,1680,1.0
273,1890,1890,1.0
274,480,480,1.0
275,216,216,1.0
276,112,112,1.0
277,1440,1440,1.0
278,112,112,1.0
279,506,506,1.0
280,192,192,1.0
281,1080,1080,1.0
282,360,360,1.0
283,220,220,1.0
284,768,768,1.0
285,126,126,1.0
286,1584,1584,1.0
287,279,279,1.0
288,240,240,1.0
289,1920,1920,1.0
290,1872,1872,1.0
291,168,168,1.0
292,3456,3456,1.0
293,2376,2376,1.0
294,468,468,1.0
295,198,198,1.0
296,140,140,1.0
297,1344,1344,1.0
298,1512,1512,1.0
299,3456,3456,1.0
300,65,65,1.0
301,1920,1920,1.0
302,2016,2016,1.0
303,288,288,1.0
304,630,630,1.0
305,1008,1008,1.0
306,144,144,1.0
307,3120,3120,1.0
308,2340,2340,1.0
309,550,550,1.0
310,140,140,1.0
311,216,216,1.0
312,384,384,1.0
313,60,60,1.0
314,1078,1078,1.0
315,80,80,1.0
316,320,320,1.0
317,48,48,1.0
318,252,252,1.0
319,336,336,1.0
320,3072,3072,1.0
321,1980,1980,1.0
322,582,582,1.0
323,120,120,1.0
324,1296,1296,1.0
325,162,162,1.0
326,180,180,1.0
327,64,64,1.0
328,2496,2496,1.0
329,280,280,1.0
330,288,288,1.0
331,216,216,1.0
332,432,432,1.0
333,336,336,1.0
334,405,405,1.0
335,1848,1848,1.0
336,672,672,1.0
337,1680,1680,1.0
338,768,768,1.0
339,300,300,1.0
340,84,84,1.0
341,672,672,1.0
342,360,360,1.0
343,2304,2304,1.0
344,336,336,1.0
345,312,312,1.0
346,216,216,1.0
347,216,216,1.0
348,1344,1344,1.0
349,240,240,1.0
350,648,648,1.0
351,1152,1152,1.0
352,3240,3240,1.0
353,3600,3600,1.0
354,84,84,1.0
355,216,216,1.0
356,108,108,1.0
357,36,36,1.0
358,288,288,1.0
359,960,960,1.0
360,1260,1260,1.0
361,2184,2184,1.0
362,160,160,1.0
363,60,60,1.0
364,420,420,1.0
365,120,120,1.0
366,504,504,1.0
367,1680,1680,1.0
368,90,90,1.0
369,1344,1344,1.0
370,1680,1680,1.0
371,420,420,1.0
372,324,324,1.0
373,144,144,1.0
374,3120,3120,1.0
375,1680,1680,1.0
376,360,360,1.0
377,560,560,1.0
378,180,180,1.0
379,240,240,1.0
380,2304,2304,1.0
381,96,96,1.0
382,264,264,1.0
383,72,72,1.0
384,144,144,1.0
385,240,240,1.0
386,216,216,1.0
387,324,324,1.0
388,120,120,1.0
389,672,672,1.0
390,216,216,1.0
391,15,15,1.0
392,1080,1080,1.0
393,360,360,1.0
394,630,630,1.0
395,108,108,1.0
396,120,120,1.0
397,288,288,1.0
398,1020,1020,1.0
399,400,400,1.0
400,252,252,1.0
401,360,360,1.0
402,847,847,1.0
403,480,480,1.0
404,480,480,1.0
405,385,385,1.0
406,1056,1056,1.0
407,1728,1728,1.0
408,480,480,1.0
409,240,240,1.0
410,336,336,1.0
411,1152,1152,1.0
412,1920,1920,1.0
413,576,576,1.0
414,231,231,1.0
415,252,252,1.0
416,220,220,1.0
417,360,360,1.0
418,270,270,1.0
419,432,432,1.0
420,400,400,1.0
421,720,720,1.0
422,336,336,1.0
423,288,288,1.0
424,1056,1056,1.0
425,1080,1080,1.0
426,252,252,1.0
427,216,216,1.0
428,120,120,1.0
429,288,288,1.0
430,120,120,1.0
431,80,80,1.0
432,144,144,1.0
433,384,384,1.0
434,504,504,1.0
435,117,117,1.0
436,288,288,1.0
437,224,224,1.0
438,288,288,1.0
439,96,96,1.0
440,144,144,1.0
441,420,420,1.0
442,2688,2688,1.0
443,5760,5760,1.0
444,96,96,1.0
445,120,120,1.0
446,70,70,1.0
447,720,720,1.0
448,847,847,1.0
449,1680,1680,1.0
450,144,144,1.0
451,648,648,1.0
452,120,120,1.0
453,1260,1260,1.0
454,135,135,1.0
455,440,440,1.0
456,56,56,1.0
457,240,240,1.0
458,168,168,1.0
459,288,288,1.0
460,240,240,1.0
461,300,300,1.0
462,420,420,1.0
463,2040,2040,1.0
464,4368,4368,1.0
465,120,120,1.0
466,80,80,1.0
467,2016,2016,1.0
468,1680,1680,1.0
469,104,104,1.0
470,720,720,1.0
471,864,864,1.0
472,616,616,1.0
473,900,900,1.0
474,288,288,1.0
475,240,240,1.0
476,288,288,1.0
477,270,270,1.0
478,640,640,1.0
479,576,576,1.0
480,135,135,1.0
481,1470,1470,1.0
482,288,288,1.0
483,240,240,1.0
484,5616,5616,1.0
485,200,200,1.0
486,128,128,1.0
487,480,480,1.0
488,336,336,1.0
489,180,180,1.0
490,243,243,1.0
491,1248,1248,1.0
492,1512,1512,1.0
493,504,504,1.0
494,768,768,1.0
495,390,390,1.0
496,224,224,1.0
497,270,270,1.0
498,360,360,1.0
499,1440,1440,1.0
